K,Accuracy,Time_Seconds
1,57.53333333333334,0.4220387935638428
3,56.56666666666666,0.09433650970458984
5,58.86666666666667,0.09323358535766602
7,59.46666666666667,0.09868359565734863
9,59.233333333333334,0.10277271270751953
11,58.86666666666667,0.11002349853515625
15,58.5,0.12906718254089355
19,57.766666666666666,0.12578439712524414
