Classifier,Accuracy,Avg_Precision,Avg_Recall,Avg_F1-Score,Avg_Dice,Avg_IoU,Training_Time_Seconds
SVM (RBF),74.66666666666667,74.91538823347388,74.66666666666667,74.5426636981734,74.5426636981734,61.25541077246168,7.169463872909546
SVM (Linear),71.26666666666667,71.679089206838,71.26666666666667,71.11079223680524,71.11079223680524,57.26970262679597,3.5494327545166016
LDA,69.6,70.09003888668204,69.6,69.55971023804221,69.55971023804221,55.06991583138409,0.31655216217041016
Random Forest (n=200),68.46666666666667,68.76913513172217,68.46666666666665,67.56515683692433,67.56515683692433,52.868039532757685,9.619778394699097
KNN (K=7),59.46666666666667,63.36882657829733,59.466666666666676,58.90689849677169,58.90689849677169,44.14231725203781,0.11895227432250977
