n_estimators,Accuracy
50,63.866666666666674
100,67.13333333333334
200,68.46666666666667
