n_estimators,Accuracy
50,58.5
100,60.13333333333334
200,61.96666666666667
